"Phylum","Percent.Complete.Genomes","Percent.Cultured.Genomes","Percent.SAGs","Percent.from.metagenomes","Average.genome.size","Median.genome.size","Min.genome.size","Max.genome.size","Average.Num.Contigs","Median.Num.Contigs","Min.Num.Contigs","Max.Num.Contigs"
"Actinobacteria",33.3333333333333,100,0,0,6556156.66666667,6895538,4544736,8228196,17.3333333333333,4,3,45
"Bacteroidetes",60,100,0,0,3798847.4,3798465,3427057,4132279,1.2,1,1,2
"Cyanobacteria",28.5714285714286,100,0,0,4917530.28571429,2834252,2510659,9384763,12.8571428571429,2,1,79
"Firmicutes",72.7272727272727,100,0,0,3584460.36363636,3592666,2738396,4714237,13,2,1,127
"Gemmatimonadetes",0,0,0,100,2814545,2814545,2814545,2814545,307,307,307,307
"Proteobacteria",60.4395604395604,95.6043956043956,0,3.2967032967033,4802458.74725275,4830226,1929433,9446314,27.5054945054945,2,1,455
