"Phylum","Percent.Complete.Genomes","Percent.Cultured.Genomes","Percent.SAGs","Percent.from.metagenomes","Average.genome.size","Median.genome.size","Min.genome.size","Max.genome.size","Average.Num.Contigs","Median.Num.Contigs","Min.Num.Contigs","Max.Num.Contigs"
"Actinobacteria",33.3333333333333,100,0,0,6556156.66666667,6895538,4544736,8228196,17.3333333333333,4,3,45
"Bacteroidetes",60,100,0,0,3993473,4106053,3530383,4400185,1.4,1,1,2
"Cyanobacteria",33.3333333333333,100,0,0,3382442.16666667,2811626,2510659,5886741,1.5,1,1,3
"Firmicutes",75,100,0,0,3588299.33333333,3611597,2738396,4714237,12,2,1,127
"Gemmatimonadetes",0,0,0,100,2814545,2814545,2814545,2814545,307,307,307,307
"Proteobacteria",60.6382978723404,95.7446808510638,0,3.19148936170213,4764984.5212766,4823780.5,1929433,9446314,23.4148936170213,2,1,455
