"Phylum","Percent.Complete.Genomes","Percent.Cultured.Genomes","Percent.SAGs","Percent.from.metagenomes","Average.genome.size","Median.genome.size","Min.genome.size","Max.genome.size","Average.Num.Contigs","Median.Num.Contigs","Min.Num.Contigs","Max.Num.Contigs"
"Actinobacteria",36.3636363636364,100,0,0,6579743.27272727,6415739,4544736,9743327,27.8181818181818,4,1,92
"Bacteroidetes",64,100,0,0,3868798.12,3952957,2884293,5987095,3.88,1,1,60
"Cyanobacteria",45.4545454545455,100,0,0,5315855.72727273,3653619,2510659,9708656,9.90909090909091,1.5,1,79
"Firmicutes",60,100,0,0,3505482.5,3320170.5,2540159,5760615,13.35,2,1,127
"Gemmatimonadetes",0,0,0,100,2814545,2814545,2814545,2814545,307,307,307,307
"Nitrospirae",0,100,0,0,4689205,4689205,4689205,4689205,1,1,1,1
"Planctomycetes",100,100,0,0,7145576,7145576,7145576,7145576,1,1,1,1
"Proteobacteria",51.7241379310345,88.9655172413793,7.58620689655172,2.75862068965517,4375582.19310345,4652214,238482,9446314,54.1655172413793,3,1,1446
"Verrucomicrobia",50,50,50,0,2446846.5,2446846.5,1142922,3750771,195,195,1,389
