"Phylum","Number.of.genomes","Percent.Complete.Genomes","Percent.Cultured.Genomes","Percent.SAGs","Percent.from.metagenomes","Average.genome.size","Median.genome.size","Min.genome.size","Max.genome.size","Average.Num.Contigs","Median.Num.Contigs","Min.Num.Contigs","Max.Num.Contigs"
"Actinobacteria",11,36.3636363636364,100,0,0,6579743.27272727,6415739,4544736,9743327,27.8181818181818,4,1,92
"Bacteroidetes",25,64,100,0,0,3868798.12,3952957,2884293,5987095,3.88,1,1,60
"Cyanobacteria",22,45.4545454545455,100,0,0,5315855.72727273,3653619,2510659,9708656,9.90909090909091,1.5,1,79
"Firmicutes",20,60,100,0,0,3505482.5,3320170.5,2540159,5760615,13.35,2,1,127
"Nitrospirae",1,0,100,0,0,4689205,4689205,4689205,4689205,1,1,1,1
"Planctomycetes",1,100,100,0,0,7145576,7145576,7145576,7145576,1,1,1,1
"Proteobacteria",134,55.9701492537313,96.2686567164179,0,2.98507462686567,4653255.40298507,4703312,1929433,9446314,35.910447761194,2,1,455
